,text,label
0,"Kickers on my watchlist XIDE TIT SOQ PNK CPW BPZ AJ  trade method 1 or method 2, see prev posts",1
1,user: AAP MOVIE. 55% return for the FEA/GEED indicator just 15 trades for the year.  AWESOME.  ,1
2,user I'd be afraid to short AMZN - they are looking like a near-monopoly in eBooks and infrastructure-as-a-service,1
3,MNTA Over 12.00  ,1
4,OI  Over 21.37  ,1
5,PGNX  Over 3.04  ,1
6,AAP - user if so then the current downtrend will break. Otherwise just a short-term correction in med-term downtrend.,0
7,Monday's relative weakness. NYX WIN TIE TAP ICE INT BMC AON C CHK BIIB  ,0
8,GOOG - ower trend line channel test & volume support.   ,1
9,AAP will watch tomorrow for ONG entry.,1
10,i'm assuming FCX opens tomorrow above the 34.25 trigger buy. still very much like this setup.  ,1
11,"It really worries me how everyone expects the market to rally now,usually exact opposite happens every time we shall see soon bac spx jpm",1
12,AAP GAMCO's arry Haverty : Apple Is Extremely Cheap  Great Video !!!,1
13,user Maykiljil posted that.  I agree that MSFT is going higher & possibly north of 30,1
14,Momentum is coming back to ETFC Broke MA200 resistance on solid volume Friday. ong set-up  ,1
15,HA Hitting 35.65 means resume targeting 42 level ..  ,1
16,user gameplan shot for today but I liked  on trend break from May or c+h break. OC weekly trend break back to july 2011,1
17,with FCX gapping well above ideal entry looking for a pull in to at least 35 on open for an entry,1
18,"user great list again, particularly like FISV and SYK. All buy & hold types should check the free list out.  ",1
19,ATHX upper trend line   ,1
20,NG - nice PNF BY - breakout - need follow thru  ,1
21,Won't believe AAP uptrend is back until it crosses above MA(50),0
22,X swing still on   ,1
23,SWY - 30% of float short and breaking out - ouch,1
24,BIOF wants 4.90's comin!!!,1
25,VS inverted head and shoulder play out well. Wasn't able to catch the entry. Eyes on it  ,1
26," red, not ready for break out.",0
27,EI close to breaking out now.  My trigger is at 30.40.   ,1
28,user BAC For a quick Trade to late..But for investing ~11.98 is a good entry point IMHO,1
29,"CHDN - ong   49.02. Trailing Stop  56.66 from 6 prior Stops of 54.17, 49.88, 49.82, 45.47, 43.02 & 41.92 -  ",1
30,AAP VOME today is impressive. At this rate and well probably get to 30M shares traded today.,1
31,"user: been adding VXY long off the bottom today for trade, also got WPI near low",0
32,"I repeat, if global economy is going to get better this year go with C instead of BAC",1
33,GOOG go ONG on close above 725.,1
34,NKD looking like a good short. Failed to break price level resistance at 116 today.,0
35,GS like the price action. So far holding above 130. Still deciding whether to go ONG calls or stocks.,1
36,SBX buy when it clears resistance at 54.5,1
37,here is NEW up target for AAP and notice shakeout reading at -8.49 ! and we had buy dot Monday  ,1
38,Too early to short into this move. Stock Market needs a few days to settle down. #Patience  COH BWD DT AAP PAY,0
39,AAP obbers hit Apple Store in Paris.  Prefer to take merchendise over cash.  Bullish.  ,1
40,AXA Here is my tip of the day. Buy now! You do not even have to sign up for a newsletter or anything O If I'm wrong I will eat crow :),1
41,X out the 1/2 due to the move today and the Kirby on the daily around 26.00 - still swinging 1/2  ,1
42,"AAP 10 min short won now longs have fully added in, look for a pop here with market,shakeout reset  ",1
43,NG stellar move - still long swing - full position - I believe user & user in it 2  ,1
44,ATICE & TADE SETP:  KO AN CNX,1
45,IDCC 50SMA acting as a good support. Short-term momentum indicators have switched to the upside.  ,1
46,"NEW POST: BAC Is At 19 Month Highs, But Showing Signs of Stress  ",1
47,c two daily  bull flags on top of each other=bullish still  ,1
48,NG - traditional and AT point and figure - bullish BY signals multiyear high  ,1
49,jpm closed>10sma on Monday(u know my rules)...large cup n handle....still bullish  ,1
50,EOG ascending triangle - original target 127 extension EPS Feb 11th? 1/2 position swing  ,1
51,"aapl daily , broke downtrend(from closing prices) now w v pattern back in play.......600 target  ",1
52,PHM PulteGroup Option Bear bets 1.5 Million on 11% down move by April  ,0
53,BAC In a 11.97 for a trade,1
54,Short Setups displaying relative weakness: AO COH PAY BWD DT SHD WTW P Prepare to short the stall. ES_F  ,0
55,"When AMZN monetize all electronics it makes with traffic to marketplace, AAP GOOG will wake up and say why didn't we buy EBAY",1
56,"CVI starting with a clean book, making first buy of the yr - entry 49.54 stop 47.43  ",1
57,SAM cheers to the temporary solution to our economic woes - entry 139.81 stop 131.92  ,1
58,SK to the GAVE!,0
59,ovti ttm ending Oct 2012 Negative 151 million operational cash flow.. 273% decline vs yoy ttm ending oct 2011,0
60,AAP and GOOG should respond positively to good jobless claims numbers,1
61,Analyst price targets and earnings targets coming down---EXACTY what you want to see prior AAP reporting.,1
62,user Nice! Color me an INTC bull as well!,1
63,"Heads p: AA Earnings (1/8/13) ess Than a Week Away, Tho The Season Doesn't EAY Begin Cranking 'Til 1/16 w/ GS JPM EBAY et al...",1
64,"trade idea buy WO  market 26.64, target 36, cut below 23.50  ",1
65,"Trade idea buy DC  market 58.50, target 67 , cut below 53  ",1
66,GOOG looks all set to make new ATH. Now before or after E is the unknown.,1
67,GOOG trade this one long verse 10sma  ,1
68,"FNF - ong  19.43. Trailing Stop  21.04 from 6 prior Stops of 19.71, 19.52, 18.70, 18.65, 18.07 and 17.87 -  ",1
69,"FOD should see a solid move up tom, system predict nice green candle.",1
70,This is the year of fitness and health apps...the winners will be gynormous and the speculation will run high  nke,1
71,It's time to invest in MSFT COMPQ   ,1
72,"New Post: Shorts Will Make Dimes, ongs Will Make Dollars  AAP SPX QQQ P",1
73,nbelieveable payment trend that VC's are chasing has easily played out in public markets.... EBAY V and Mastercard MA all time highs,1
74,Some of the watch list stocks that triggered today OEX AGNX TV VBD XIDE PPC EXP  ONTY  BMN FS WK CHMT FBC  ISI AIG,1
75,Nice Bull flag breakout here OC #technology #software  ,1
76,My setup alerts went bonkers today..One of many that got triggered.Cup+Handle breakout in PFE   ,1
77,The host with the most....congrats to the cloud today AX and user more all-time highs.  wow,1
78,X Did .S. Steel Just Breakout?  MT too,1
79,DNDN has broken through the clear 5.5 resistanc level on heavy volume & could be headed much higher  ,1
80,EXPE looks good for higher prices  ,1
81,apc weekly setting up long.  ,1
82,I am going into this morning long 3 each AAP 560 call options & GOOG 725 calls Jan 4th expiration,1
83,ES_F path higher unthreatened unless 1452.25 support fails. See resistance at 1466.00 SPX #stocks.  ,1
84,Monitor the S line/price dynamic. Stocks that closed Dec.28 with the S line in new highs be4 price. MHO TSM IPGP EQIX BC BDC ASH,1
85,DDD IDCC continue higher,1
86,"Had hoped to pick up some OST today, but looks like I'm a day too late. Nice move up this morning.",1
87,GPS wow that wa s a fast fast fade...,0
88,AMZN going above 260. Should go near 300 if market behaves for a few weeks.,1
89,Huston we have a GEEN AAP,1
90,P long 9.55,1
91,HN breakout...but 3rd day up so look for pullback to enter long.  ,1
92,NG - ascend triangle much like FS & X breakouts 127 exten then 161.8 targets - fibs subjective  ,1
93,KCG ... things that make you go hmmmm?  ,1
94,VNG - Huge  news from patent attorney Dan avicher  ,1
95,NG nhod - check the weekly - target previous lows 2006 :),1
96,NG nhod - what do you see? check the weekly - target previous lows 2006 :)   ,1
97,AIG American International Group Option Traders bet on 4% down move by next Friday  ,0
98,P out balance +.32,1
99,VNG buys vs. Sells?,1
100,BAC In  12.00 since there is consolidation  this level. We could close = > 12.09 if market is stable in pm IMHO.,1
101,VNG Parabolic moves are a comin',1
102,New Sony pre-owned block tech patent unearthed SNE ... 50% of GME profits from pre owned ..last one out turn off the lights,0
103,"we liked VS, we love WYNN from 111 entry to new up target yesterday at 121. very nice !   ",1
104,user: SPX 1464.90 Wave iv would be 20 points lower [1467.00 KEY] ES_F HOD 1460.00 (under neckline 1458.50 very bearish) ,0
105,"DDD consolidating the strong move from previous days between 55 and 60, next buy point above 60 on volume (holding).",1
106,VNG - 12 mil shares shorts plus long buying = massive VNG short squeeze. Just when you thought story was dead avicher kills short thesis,1
107,"Wow, not good for BKS T user ... sales for the Nook were down 13% over the holidays  ",0
108,AC from watch list - volume did pick up and is now 139% of full day average -from 200-day bounce   ,1
109,"The new wightwatchers ads are more fun and light and with regular people more interesting, but I still dont trust them WTW (no position)",0
110,AMZN holding up well - next buy point when clears this upper trend line on heavy volume  ,1
111,MA exactly what you want to see a follow thru day after breaking out to new highs on volume  ,1
112,ZCS user There's your buying,1
113,AAP SPY no more QE for 2013. Now bring the Geithner.,0
114,Over extended stock market + unexpected news from the FED minutes = Down ESD & a panicky ES_F NQ_F.,0
115,"SPY ncle Ben needed to spice up things a little. AAP people were bored, wake up now.",0
116,AAP might close at the lows of the day. Bears will be in control again below the descending trendline. Watch it.,0
117,FAN - seeking 200d. Im adding some synthetic shorts here and will add again at 200d.,0
118,"CWST low of day 4.50, near high of day 4.56, watchn for b/out, minimal risk",1
119,All of the above: gme Gamestop short targets  spy,0
120,time to get out of the #cloud stocks VMW CM,0
121,BAC Keep Overniight mmy pos. will bin premarket Tmorrow too.,1
122,Polk Expects 2013 .S. New Vehicle egistrations to each 15.3 Million - Polk -  F GM I think this is low,1
123,Very bullish on market  also talked trends for SCTY OST ANGI FIO  PANW A JCP P YEP MNST GPN on show.,1
124,BAC what happens next?  ,0
125,KCG someone bought 3.22k 4 Jan 18 Calls....,1
126,Man I didnt know about Skippy when I made this...would have thrown in a jar H #Hormel  ,1
127,"Big move in bonds today, 7 months high for 10 y rate, still going lower here ZN_F, could get truly ugly if good NFP number in AM SPY TT",1
128,Market Wrap Video + Additions to Watch ist  including: BCEI BJI CEE ES SONS SQNM NX YEP,1
129,Maybe when vrng asked the judge for a 7% royalty it became too risky for goog to deal with?  they want to settle,1
130,BJI Over 35.53 if good volume  ,1
131,CEE Over 35.12  ,1
132,SQNM  Over 5.05  ,1
133,NX On flag break  ,1
134,3D Systems Brings Next-Gen Consumer 3D Printing to CES 2013  DDD,1
135,AAP will top out in April when Aston Kutcher stars in 'jOBS'.  Kinda like how Facebook did when 'Social Network' came out. FB,0
136,"VNG w/ MACD turning up & above its signal line, VNG could post a nice rally from current levels  ",1
137,PI 3Q 10Q operational cash flow for 9mos -20million. 269%decline vs. 9mos year ago.,0
138,bbby 3Q 10Q Operational Cash Flow 135 million. 53 increase vs. year ago Q3. 64% improvement q o q,1
139,DI 6mos operational cash flow 267 million. increases 187 million vs.6mos year ago. 233% increase,1
140,AM 3Q 10Q 9mos operational cash flow 32 million vs. neg 26 mil 9mos year ago.,1
141,am 3Q operational cash flow neg 16 million.  vs. year ago 3Q of negative 68million.  52 million improvement,1
142,"A quiet Carl Icahn = Bullish.  NFX shorts should be paranoid on every close as they will get acquired.  Think aapl, msft, amzn, fb",1
143,I am an aapl bull but cannot break this trend line in OBV   ,0
144,user Phantom7 I've been calling +4 ever since the start of this thing. 3.75 should be a given~ KCG,1
145,NX on watch list above small flag on volume of 26% of ave full day so good volume  ,1
146,GOOG poised to clear this next resistance (buy / add area) watch action / volume closely here   ,1
147,GDP on watch list slightly over line and 50-day EMA light volume of 5% ave full day   ,1
148,"Took some profits off DDD, will add if breaks 60 on volume.",1
149,CHK - what I'm looking at - small risk position calls only. Scalp - maybe a swing XE watch.   ,1
150,"ONTY If the holders would just hold out or raise their ask here, this could really pop. Going to climb slowly regardless...",1
151,EOG PXD OAS #energyswag,1
152,AAP moving down with volume. Couldnt cope with the descending trend line. Trend is still down. Perhaps 460 is not impossible after all.,0
153,AAP 50EMA continue to work as AAP is making lower highs in the MACO sense   ,0
154,"Went short SPY yesterday, should have picked AAP instead. Still think market needs to move down a bit then resume move to the upside.",0
155,AAP people be realistic. Market undecided what to do with apple. Earnings will lift that cloud. If GOOD we might EAY see a reversal.,0
156,Will watch the close carefully then decide whether to ONG or SHOT AAP. Below 530 SHOT!!!,0
157,"JCP Keep an eye on this triangle. big short int, 34%. reports Feb 27. cup & handle. at DT. ong  ",1
158,sold a little goog ...first time in a while,1
159,Nice cup with handle breakout on MCA,1
160,FAF new highs.,1
161,SPY giving AAP the finger. We don't care about you anymore lol,0
162,The Smith&Corona doing ok. AMZN,1
163,"VA - ong  43.07. Trailing Stop  58.98 from 11 Stops of 54.53, 52.45, 48.05, 47.32, 46.71, ... 41.32 & 39.57 -  ",1
164,AMZN alert update: a last minute push tried to shake out puts. we're hanging on for now.  ,0
165,AAP volume higher today than monday. Keep that in mind.,1
166,"HB.A - ong  73.67. Trailing Stop  71.92 from 3 prior Stops of 70.86, 68.64 and 62.41 -  ",1
167,"The key is not to panic here.  AAP is in the domain of twitchy day traders on robots now, but long term should hold up on fundamentals",1
168,NVDA 4 hour - love to see the vol explode.   ,1
169,VNG - Take a hard look at GOOG FTC settlement over patents.  FTC making GOOG play nice with VNG?  Makes Sense  ,1
170,some worried I had gone OCO with my 737.71 up call for GOOG ! now at door step of nearly 40 move  ,1
171,VNG its crazy that anyone listens and trades off this tool.,1
172,GOOG  is getting fueled by AAP's reversal.,1
173,user why make a BBY offer now when he can shave 4 more off offer price? Bid went from 24-26 to just 20 in a matter of months.,0
174,NVDA - to answer your question entry (add) was the red candle at 10:50AM today. ove flags  ,1
175,"AAP 950 lot bid in the Feb 580 call at 9.50, might push the stock up or create support. 26 delta option",1
176,"WPI - was on our short candidate list 12/31 and we missed it, got started short today",0
177,MYE breaking out,1
178,Short HT under the 200 SMA stop just over the high of the day. First target 53.95. Second target 53.21 gap fill.,0
179,QCOM introduces StreamBoost:  average home connects up to seven devices to the Internet,1
180,NVDA love to see momo this next week like previous histogram bars noted.   ,0
181,HMA unusual option activity. Trader buys 11k of the Jan 9 Put. Short term bear play,0
182,"ADBE option trader buys 5,300 of the Feb 39C against OI of 741. Bet is on stock above 39 by Feb 16th",1
183,"NVDA ooks bullish but it must stay above 13.05 on a closing basis (monthly), EPS say no?  ",0
184,SQNM from watch list over line on volume of 86% of ave full day  ,1
185,HOTT Failed breakout?  ,0
186,ZN_F ticking up.. I'd be a seller of SDJPY here (*if I weren't already)...,0
187,"INO Wow, nice accumulation today, heavy...",1
188,ZNGA Fat juicy Short back to lower levels as it closes Gap  2.72?  ,0
189,GDOT nice bounce from its 50SMA. ooks ready to test the recent highs  ,1
190,HMA ooking for 10's; headed higher!  ,1
191,"SPF ooking for 9's, headed higher with lower rates.  ",1
192,"GS JPM XF HOD, they are hungry for stocks out there... SPY",1
193,CHK weekly bullish engulfing   ,1
194,GS looks good heading into next week.,1
195,AAP all i know is ipad minis are out of stock everywhere. been going to 8 different stores and none of them have em in stock,1
196,As goog explodes and aapl implodes MINTE 21 to 23 of user vid from a few years ago have Mark nailing the subject  ,1
197,"KKD Krispy Kreme Doughnuts, Inc. at IC XChange Conference (ive) 01/17/13 at 9:15 a.m. ET",1
198,Picked up FS on pullback due to downgrade. Held support to close week. First PT 37.30  ,1
199,"user: I've been picking this one for a while, but I'm calling KKD as the next food company to make a DPZ like run in TWENTY13.",1
200,"ZNGA Still shows red and dead on a enko view, PF Box size 0.25  ",0
201,"GS enko view of GS, PF Box size = 5 showing potential to break to 175  ",1
202,"NVDA enko view showing red and dead, need 14 or more for a long & less than 13 for a short  ",0
203,"CSX enko view, PF Box size = 1,  VEY bullish above 21, coal stocks confirming move on rails.  ",1
204,GOOG And on enko w/ a PF Box size of 50 it looks like a failed breakout  ,0
205,user At 155 for GS but very bullish on fins as rates are low = The FED Put!,1
206,user ZNGA I use lagging indicators on lagging stocks ;),0
207,"GOOG, I like it with a close above 744.96",1
208,FS b/o above bull flag on heavy vol. etest of support today on light vol. 41% short float  ,1
209,MSFT gap close. Continues base. SI rising. Nice : pickup w/ stop below major support & 28.22 PT.  ,1
210,Financials continue ripping. Easy money. C approaching 43 PT  ,1
211,VS follow throughs. 10 DMA crossing above 200 DMA. Trading above all MA's. Great setup  ,1
212,"user BAC Yeah ... they made the easy profits by slashing jobs, now they have to close win-win sales.",0
213,New buys today from watch list all did well  NX 20% SONS YEP  BCEI  GDP  AY and SQNM Total triggers this week 39 - a big week,1
214,"SBX  #SI #EarthThis is the kind of stuff that makes us perk up (so sorry!).but, go on...bullish five waves to 58.    ",1
215,"Can you say no brainier? ong SBAC stock, 60/80 Feb collar for protection...  ",1
216,Anyone can say how much svu would go even if the deal goes through? 4? 5? Not sure if much upside left.,1
217,NVDA the bounce continues and the stock has now cleared its 200SMA and the 13 level. ong   ,1
218,AXTI Momentum picking up w/ MACD climbing/SI rising.OBV indicator made a new higher high this week  ,1
219,GDOT OBV is moving upwards which means that big money is moving into the stock slowly. ong  ,1
220,aapl daily (see notes)  ,1
221,AMZN daily (see notes)  ,1
222,C daily (see notes)   ,1
223,"EGOV long 16.62 strong above all MA's, resting/basing, room to upper bolly to absorb 10/20 day atr  ",1
224,AA Fibs   Friends   ,1
225,TSA: Judge Dismisses Massachusetts State Automobile Dealers Association awsuit -  ,1
226,BAC up trending doesn't appear to slow down as of yet. It's prudent to take some profit at time.  ,1
227,"FE - looks like it fired a sell signal Friday, may trade this short on tick below Friday low - have to do more work on utilities later...",0
228,coh also got rejected by cloud but still in slight uptrend for past few. buy when it enters cloud  ,1
229,yum looks good here out of cloud with stops of either 200 sma or cloud under it. target of 50 sma  ,1
230,EQIX EXPE FB GS HOG MON PII QCOM QIH SODA Some ideas for next week.  Favorite setup is EQIX  ,1
231,"EQIX No position, would like to see a breakout over 216.50. Prefer more consolidation though  ",1
232,Time for a contraction in AAP.down to test 500 this week by Weds.long Jan11th 510/500 put spread  ,0
233,AAP Bounce Coming?   ,1
234,FS en fuego!!   ,1
235,AXA Over-Sold in Oscillating ange....indicators suggest buy price holds above prev close + increase in volume.,1
236,A few I'm not holding but will check out. user: Bullish MACD cross: BBG COP ENI EOG JEC IG SFY XE XOP,1
237,"JDS beautiful trend, 13.5 should bring out the dip buyers",1
238,ko has trouble staying above 200 day sma past few weeks. could short here or higher stops above 38  ,0
239,mako a red day monday breaks support and could test old lows of 9-9.25  ,0
240,After-hour Most Advanced: OPT MAKO FOD GNMK JDS EGE AMN PX AAY DDD SV PM BKS F,1
241,GOOG with simple Fibonacci projections on close over 739. 127.2% at 766 and 161.8% at 802  ,1
242,Why I am buying AAP on Monday -  ,1
243,user: AMZN over 263 has a Measured Move to 307  ,1
244,user The INO pipeline and the partnerships with the ni's and MK--that pretty much sums it up...,1
245,"AMZN the data company, not the retailer.  A new post by me.   ",1
246,Trading environment favors long side. Don't over stay welcome. Too few quality leaders. GS AMH OCN EGN HOV AAP  ,0
247,AAP what an amazing run it has been since 2005. I don't think it's over.   ,1
248,A Tale of Two Stocks  AAP GOOG SPY QQQ,1
249,F Ford's Powerful Bullish Pattern Dictates Price Direction  ,1
250,DT - Descending triangle. ower highs. Didn't participate well in the rally & it's overbought.   ,0
251,CVA Over 19.00  ,1
252,MCK  Over 100.05 -   ,1
253,VMED you know we prefer 3-4 day pullback to reverse so maybe Mon or Tuesday on flag break or at sup  ,1
254,"Just kidding, more legible version. Currently long FS (tweeted on friday)  ",1
255,Ford will perform well due to Hurricane Sandy's destruction. F Palladium will do well PA Banks are a buy picks are BAC C SAN GS,1
256,GS is a buy on pullback to 133 or on bigger pullback to 130.,1
257,CEG keep it on you watch list.,1
258,I wish TV would die already like all the Newspapers told me  CBS ftw!,1
259,I think AAP is heading back down to check in on 506 support again,0
260,AMZN but but but.....yap yap yap,1
261,SNDK pattern looking more interesting. Can it successfully break into the gap this time around?  ,1
262,"#AMZN at all-time highs pre-market , aapl still plunging.  should be an interesting trading day!",1
263,See risk to ES_F 1442.00-1423.75 as bearish momentum divergences resolve SPX SPY #stocks.   ,0
264,user: ONXX strong price & vol expansion friday. possibly looking for higher prices  > another biotech with 2 levels,1
265,ZNGA Momentum building to the upside.? On watch.,1
266,ES from watch list also fast move today  volume of 77% ave full day as usually tiny volume  ,1
267,TWI like this long 24% short...  ,1
268,"Green Weekly Triangle on HEO,....pdating  ",0
269,EOG - 60 min pullback to breakout - watching 1/2 position    ,1
270,KCG to 3.75?,1
271,ZCS almost hit my stop loss...glad to see it heading back up,1
272,AAP closed my short for some nice gains.,0
273,"V beautiful uptrend since June '12. Never once broke higher high, higher low trend  ",1
274,The most awesome AAP trendline ever. Since 1986!!   ,0
275,"DDD - ong  27.95. Trailing Stop  42.35 from 7 prior Stops of 41.70, 39.03, 36.53, 32.35, 27.95, 25.44 and 22.93 -  ",1
276,NX was largest watch list gainer new buy on Friday and biggest mover today so protect gains  ,1
277,"Green Weekly Triangle on KTOS,....pdating  ",0
278,ak corrected me - PPHM  largest watch list gainer today - though it gapped up big on open   ,1
279,AAP positive close above 530 today is bullish. I'll be looking for possible ONG set up.,1
280,CEG possible ONG today if you want to play the JPMOGAN BIOtech conference.,1
281,"FME: ong  10.25. Trailing Stop  13.75 from 8 prior Stops of 12.29, 11.50, 10.97, 10.63, 10.36, ... 9.64 & 9.03 -  ",1
282,I showed this MA on Friday with the upside orange dot traget at 517+ hit that this morn now red dot  ,0
283,TO triggered above 34. First target 34.55-.90,1
284,SXC - breaking above key downward channel level. ikely to move much higher from here.  ,1
285,"must follow the young man user: AMZN the data company, not the retailer.  A new post by me.   ",1
286,PG short back on,0
287,OVTI downgrade on Sept 7th 16.77 after Q1 looking good. next filing Q3 end of feb.  ,0
288,VS option trader sells 26k of the 47.25 - 52.25 call spreads in March. Big bet that stock will be below 47.25 by March expiry,0
289,"AA option traders bet on bad earnings selling 6,200 Jan 9C and buying 3,200 Jan 9P. Could be hedge on stock. Both trades against low OI",0
290,SKX Q3 operational cash flow negative 60million. 80million decline vs.Q3 2011,0
291,SKX 9 mos. 2012 operational cash flow negative 20 million. 95 million decline vs. 9mos 2011,0
292,"ed Weekly Triangle on SNSS,.....pdating  ",1
293,BAC avrg 12.127 ,1
294,First trade coming back from vacation. HOT short at 59.80. Stop at 60.30,0
295,"Green Weekly Triangle on SCC,....pdating  ",0
296,PODD breaking out to new 52wk highs from a decent base  ,1
297,3 horsemen of high beta momo chase FS GMC NFX being slammed a bit here : advanced tell that the new year party is over for the mrkt ?,0
298,PNA looks like a solid set up,1
299,Names to buy on pullbacks GS CEG FB F,1
300,BA for a flush down,0
301,"Amazon Breaks 1,600 (adjusting for the splits)  via user AMZN",1
302,"Financials XF have been driving this mkt higher, today they are weak-ish (except for JPM) for 1st time in while, little red flag 1...",0
303,on our ive Broadcast we got this long signal on PCN and covered discount buy-in ! needs push  ,1
304,"AMZN VOME is a go, big boys grabbing some stocks. Higher prices to come.",1
305,TWI at highs not seen since September  ,1
306,"user won gold in our 2011 stock contest w V,  won silver in 2012 w TKC. Will his DDAIF call win in 2013?  ",1
307,AMZN FB your pick for higher prices this week. Both breaking out with considerable volume.,1
308,Eceryone wants a piece of PCN gorwth and magic...stakes are so high...innovation so fast and marketing stakes high  ,1
309,"user scheplick It's easy to short AMZN - buy an iPad Mini, a tax prep book at Borders and some ackspace time.;-)",0
310,Might open a position on S today. Cup and handle can make this one fly to 7-7.5 quickly.,1
311,"CS, KOS positive.... nice reversal in KOS",1
312,AXP trying to make a move too. Getting interesting.,1
313,MA a strong follow thru day after breaking out to new highs last Friday - confirmation is solid  ,1
314,"V new highs, looking for higher prices from here  ",1
315,CEG a strong breakout to new highs today on 2x the daily avg. volume. ooks good for more upside  ,1
316,WETF cheap financial stock that is trying to b/o. Would like to see a pullback/consolidation first  ,1
317,"NFX shorts should be paranoid on every close as a buyout will come 1 night from aapl, msft, goog, amzn, etc.  dominate webtv long nflx",1
318,"As in the last 3 sessions, last hour buyers are back, more money need to be put to work... money flows... SPY TT ES_F",1
319,"user The stock isn't telling us anything new, but the trend is saying a lot. This E is AAP's most anticipated in years.",1
320,All of the above: rax setting up again  spy,1
321,PCN - long entry  ,1
322,"Green Weekly Triangle on AMPE,....Sell Short at 4.15  ",0
323,"Green Weekly & Monthly Triangle on FWS,....pdating to Monthly  ",0
324,"user are you saying ZAGG will up another 23%, how?",0
325,"Green Weekly & Monthly Triangle on PAB,....pdating  ",0
326,744.96 IS A great level for a close on GOOG,1
327,"AAP short-term outlook. 3 possible scenarios, 2 of them are bullish  ",1
328,Barclays upside case for CSOD is a year end price target of 46.  Based on 8x cy'14 revenues and 10% upside to estimates. Quite achievable!,1
329,CTXS (conservative swing) once again bouncing nicely off support (w/volume)  MCP (aggressive swing) however strong probability.,1
330,user: AMZN it's time for this bird to fly south!  ,0
331,"VVS Technicals are positive for a continued climb. SI, OBV and MACD all look good to me  ",1
332,"AKX b/out 13.78, like the base action under spot & declining vol, ripe for pop  ",1
333,"HAO b/out 7.20, price was rejected at 7.19 today, also high on 12/21  ",1
334,"HWAY b/out 11.08, nice base under the spot  ",1
335,yum down premarket through the cloud but has support at about 62.75   ,0
336,"Multi-day downswing in ES_F favored, see demand zone at 1442.00-1423.75 SPX SPY #stocks.   ",0
337,"MON - not making sales here - we will be buyers of weakness, looks like game on for a while...",1
338,FIN 9mos Operational cash flow declines 15million vs. prior yr first 9mos.  198% decline,0
339,AYI Q1 Operational Cash Flow turns Negative,0
340,AYI 1st negative operational cash flow quarter since quarter Novemebr 2008,0
341,AYI 2013 Q1 operational Cash flow negative 14.5 million. decline of 41 million vs. Q1 2012.  152% decline,0
342,my 526.20 bid not hit in aapl so i am expecting at least a move to 540 today :),1
343,"MON 2013 Q1 operational cash flow 1.569 billion,  a 459 million increase vs 2012 Q1.  41% increase",1
344,fio nothing but air under stock until 17.70-17.80  ,0
345,"AAP daily fade in motion again, people that want to be out are still at work...",0
346,I shorted NFX here with a 1.00 stop.,0
347,CTIC got long,1
348,Catch up user: Hot inks is totally off the hook this morning - so many great reads  AAP MACO,1
349,IHS year end operational cash flow declined 27 million vs. 2011. an  8.19% decline,0
350,Watch XF JPM BAC OD closely...,0
351,unit cost at 1.60 this see a bounce CTIC,1
352,with little whips on pops and drops don't go all in on one purchase avg in through out the day limit exposure and % of portfolio CTIC,1
353,"SHD Get short, someone big must be exiting imo... Sitting on some 40 puts from this am!",0
354,MON - added,1
355,"If you'd like to gag on the New American Socialism, enjoy this video courtesy AIG:  ",0
356,JNP - added,1
357,X - added,1
358,"user Mr. Florida, hope all is well.  You've trade SAVE in the past, so Im asking you.  Do you like it here?  ooking to fill gap?",1
359,SHD ... why won't you die already? ampert doesn't know 2 sh*ts about running a retail. He bought Sears for the property... ,0
360,"WN: ong  19.79. Trailing Stop  24.39 from 6 prior Stops of 23.76, 20.42, 19.79, 18.09, 17.13 and 16.39 -  ",1
361,"DECK: Short  66.41. Trailing Stop  44.16 down from 5 prior Stops of 51.65, 59.07, 66.41, 74.13 & 81.85 -  ",0
362,WFM - short back on,0
363,"nice base building here 1.50 -1.54 on CTIC should test hod's in the afternoon, setting up nicely for follow thru tomorrow. #tradeoftheweek",1
364,up to 16 million shares on CTIC almost 10x avg daily vol. I don't think this is a one day story. Gap up to 2.05 plenty of rm to run imho,1
365,SHD Eddie ampert is a 1 trick pony...,0
366,"et the angry, anecdotal comments begin: Why I still think BlackBerry & IM are doomed.  IMM AAP GOOG NOK T VZ",0
367,user I think AAP putting in a long term bottom.....of course I could be wrong but that is what it looks like :-),1
368,i had a price alert go off for WWW while off the desk.,0
369,GG to be delisted soon typicall pump and dump same story over the last few months be careful one day trades over a mil next day ur stuck,0
370,TSO option trader buys 10k of the Feb 40P for 1.60. A 1.6 million bet stock will be below 40 by Feb exp. Could be hedge too. OI is 544,0
371,DDD SSY Stops honored.  So be it. Now.... must.not.become.bearshitter.,0
372,CYBX keeps consolidating near all-time highs  ,1
373,DDD The sentiment on this stock can change in a blink of an eye.  Not for the faint of heart.  Still long term bullish.,1
374,MCP bottom at 11.00? Strong esistance. nder these level...short breakout Chance.,0
375,AIG wins the awsuit then announces dividend reinstatement. :),1
376,TIVO is a buyout coming? Sure seems strong of late?,1
377,biggest mistake i made all day was not sticking to my gut on reversal in #SOAS #2 not sticking to my watchlist DK STP ANA KOG,1
378,DDD looks an easy short,0
379,My instincts are spot on in 2013 and still think CTIC will hit 2.05 this wk but still want to stick to my morning watchlist & not chase,1
380,AX looks good for higher prices  ,1
381,CM holding up well   ,1
382,"ANA with the conference tomorrow, I guess we will hit 10.05 after all...",1
383,"NFX - hearing PJCO out cautious following comScore data: Following Weak December, Overall 4Q Traffic Again Turns Negative user",0
384,"se pullback 2 initiate quick trades, not invest, long. Keep stops tight & sell up.  AAP EGN OCN AMH DDD NSM",1
385,"Piper Jaffray making negative comments on NFX and CST ed Box : comScore Q4 data weak for edbox, Netflix",0
386,Maybe a good time to buy TD the 44 level appears to be holding as a key support level,1
387,"CSN option trader buys 1,500 of the Jan 11-16 call spread against low OI indicating entering a position for .50. Bet on data bef. Jan 19",1
388,AA there goes the kids college fund!,1
389,X option trader takes profits in Feb26P selling 8k against 8k OI and rolling position to Feb 25P buying 8K at 1.48,0
390,"Green Monthly Triangle on ACAD,....Net Profit  7,177.00 (11.49%)  ",1
391,So far so good regarding our APO #earnings strategy. Far too soon to call it a win though.  ,1
392,AA this is why I went all in..,1
393,"Does AA hold the key for the SPX?  When AA is up on earnings, SPX up +1.90% a mo. later.  ",1
394,"My call for the week AA, WFC, APO, MON",1
395,AA i don't like the SPIN on operational cash flow,0
396,APO Q1 2013 operational cash flow 210 million. a 90million decline vs. 2012 Q1.  30% decline,0
397,"ed Weekly Triangle on AMS,....Net Profit  26,135.00 (38.40%)  ",0
398,CM AVG THO AMWD  coiling for breakouts to new highs. Set buy stops slightly above the most recent highs.,1
399,"user jemberlin that is my number too, will be a good swing, but personally I hate AMD,",0
400,SPY SPX ES  Green Hedges Stars model: next stop 1410.56 SPX 1387.92 if lower.,0
401,SWHC looks like ban on large capacity magazines and more hurdles to purchase are on the table for the politicians.  Was on the Evening News,1
402,aa Q4 Operational CF declined 209m vs. Q4'11. 18% DECINE. P Spin says it was higher than Q3 2012. note Q3 '12 was 263m less than Q3'11,0
403,HT closed > 200 sma (barely) for 3rd time since Oct- eps out of the way- watch for volume > 55  ,1
404,user PWE and the crazy HAO is in Green Weekly Triangle are you in short or long,0
405,WT had a huge 39 seller today... check out the daily... hold over 40-42 loooks good for a swing,1
406,AJ Over 18.00 on good volume   ,1
407,CYBX broke out to all time highs accompained by a strong volume suggesting higher levels.  ,1
408,ONTY looks poised for bounce from bottom. SI starting to turn up & MACD is crossing up its signal  ,1
409,Still trading within an uptrend channel. Short-term uptrend still intact. I'm still bullish on NVDA  ,1
410,VVS Vivus CEO eportedly Says Acquisition is 'Inevitable' talking to Deal eporter at the J.P. Morgan  ,1
411,user: C     what is a runner     ,1
412,"V is now one of my longest growth stock holdings, ever (19 months and counting)...",1
413,fio bouncing some this morning (25% short interest) Still nothing but air till 17.90s  ,0
414,tol doji yesterday could mean another lower high. Wait for  close into cloud before going short   ,0
415,"AMWD setting up very nicely above 29.33.  In the very strong building and construction product group, along with APOG.",1
416,"TAB I like this one, down for no real reason, new contracts picking up slack, 2013 is about 'small cell' tech, & Software-As-A-Service!!!",1
417,FS - buy signal just triggered for us,1
418,ANF on the radar for a move above 48.70-49,1
419,DGI FTD.  Pivot range 26.98 to 28.33.,1
420,HPQ Option traders buy 10k Aug 13P at .78. 780k bet stock will be below 13 by Aug expiration. Could be a stock hedge,0
421,"FAF new highs, still holding. Needs volume here.",1
422,NS Perfect day for a reversal candle on the dailies.,0
423,VOC actually triggerd yesterday but closed back at line - today itstrying again - vol 16%   ,1
424,added APP,1
425,"WFM - added small  89, prefer the 90-91 level to lay short out",0
426,MAS from watch list broke out of flag today- now also at top line on volume of 11% of full day ave  ,1
427,CMG - 5m descending triangle. 9% avg volume.  ,0
428,user: DDD broke out from the bear flag to the upside.... ots of shorts who do not understand momentum being caught STDY,1
429,DGI still moving,1
430,SSYS maybe too few shares outstanding to short.. but ....11 million in operational cash flow ttm and trading at 1.9 bil mkt cap,0
431,SSYS operational cash flow declined 42% ttm vs. ttm,0
432,"Covering 1/2 WAC short 47.15, looking lower but got to book some...",0
433,"VTX option trader buys 3,700 put spreads in April 48 and 42 strikes. Could be big bet on down move or stock hedge",0
434,FS 4 hour - nice bounce ichard.   ,1
435,"GNC - nice inverse head and shoulders, as well as a nice pullback to support from the previous box-breakout",1
436,"user I hate to be under 3, as average I end screw up, no good for me NN",0
437,DA nice run from entry; moving stop up to breakeven  ,1
438,"ed Weekly Triangle on CTIC,....Net Profit  675.00 (3.88%),...gly waiting more than 3 months  ",0
439,CW Clearwire Corp arge trades in puts show bearish interest despite DISH bid  ,0
440,APO Strong push off support (w/volume),1
441,from watch list HAO slipped over line when I was not watching - volume is 76% of full day ave  ,1
442,"The most bearish thing I have seen in a week, not good for the overall market at all JPM SPY ES_F  ",0
443,"user in a bullish you sell always, no buy; in a bearish market you buy no sell NX",0
444,VOC from watch list added Tuesday has now run over the 50-day EMA vol increased to 86%   ,1
445,ANA getting the breakout yest and holding up today. Presenting at JPM conf today at 6:30est  ,1
446,"trade idea buy ESC  25.95, target 35.50, cut below 21.40   ",1
447,"SWKS decision coming there soon...expecting a break...up...looking at SI, MACD & TIX  ",1
448,Just a small dose of reality on CTIC :  ,0
449,"VS option trader closes out Feb 50C selling 12k against 22k OI. Opens position in Feb 55C selling 23k on hard bid vs. OI of 2,700",0
450,Six years ago apple introduced the iPhone to the world. Do you remember where you were? aapl #sixyearsold,1
451,EW Went long on EW at 93.15. ooks like it is ready to make a move to 98 w/breakout of consolidation  ,1
452,EBAY basing  ,1
453,Short YHOO,0
454,CHK thanks JPM upgraded   ,1
455,dec 6 BB&T CM initiated SSYS with a buy  68. wonder if they still have it a buy up 28% in 30 days?,0
456,user: SSYS  EACHED SI 80%  Crash is near,0
457,SSQ pulling back as suspected. uckily sold near 11.20 res (tweeted). Watching 10.80 to get bck in  ,1
458,"user The day of the MA IPO I tripled my position at 42 (IPO priced at 39) never touched it since, probably my best stock move ever...",1
459,AAP P&F is bullish again...   ,1
460,"AAP IF support broken then I won't hesitate to sell as lots of downside. For now, : favors longs  ",1
461,user: eaders EAD. BAC >On which side is the Question... Even AAP is Broken since few Week. Medium Outlook does not look Bright.,0
462,"Green Weekly Triangle on DEPO,....Scaling at 6.40  ",0
463,"Intel a tobacco stock?...interesting read and analogy...up to Intel I guess, but the dividend is tasty  intc",1
464,"Green Weekly Triangle on FNFG,....Scaling at 8.22  ",0
465,"FAF - ong  16.92. Trailing Stop  22.31 from 8 prior Stops of 22.04, 16.92, 16.40 ... 15.17 and 15.10 -  ",1
466,"SWY - inside day - held 50 sma, rsi holding above 40 , looks like counter-trend move",1
467,"Despite weakness in AAP, SPY didn't fill 2day's gap - reversed a mere 0.13 away.  Every stock out there outperforming AAP these days",1
468,IPX  Over 22.15  ,1
469,MY   Over 28.25 or 28.50  ,1
470,XXIA Over 18.00  ,1
471,user SHOT YHOO TO 0!!!!!,0
472,"WPI - buying looks counter-trend, possible bear wedge, wont be happy if it closes 2-3 days above 50sma, will have to re-evaluate if it does",0
473,MON - and monthly - game on...  ,1
474,"HA EPS estimates being slashed as squeezed stock crash lands, looking for low 5's  ",0
475,"TSO Was long now crack spreads say low 30's = Short, VO good short too!  ",0
476,"AAP No pain and no gain, will stay above 500 (mostly) but not higher than 580 and go as low as 470  ",0
477,GEOY Should be trading at: 41.09 as each share worth 1.425 shares of DGI (28.84) x 1.425 = 41.09:  ,1
478,China is FIX ing itself STDY,1
479,CHK Good Info user: user S&P over 1470 and this thing rips IMO,1
480,"with a name like SkyPeople Fruit Juice, SP is going to be the next AAP. just wait and see.",1
481,"WH consolidating at the highs, with gap support immediately under the price. -  from  ",1
482, MT BEAV --- all setting up for possible higher prices,1
483,MGM Caught in a ange user   ,0
484,New post - I could have Peter ynch'd this stock  MD,1
485,FSC goes ex-dividend tomorrow paying monthly 0.0958 per share with next payment on Jan. 31st with 10.60% yield,1
486,user 3DTradingtrader I do have 3.1Mio to expend and race up any offer for DEPO,0
487,VOXX a user stock. Kudos to you my friend!,1
488,"MCP Performing as expected, so many red flag raised on that one over last few months, so many here could say I told you so...",0
489,"SWY - *WSJ: Cerberus, Supervalu Strike Deal - Sources - may put a bid under SWY",1
490,"SE SHOT CECO, SM, ACI, DMND, NS, GCY, BBG, EF, TM, EOC, XCO, VCCF, PQ, AXAS, PST, P, KCG, MNTA, NAV, PAC",0
491,HPQ in the 16.50 calls for .04!,1
492,AAP daily pop then vomit in motion...,0
493,"MCP don't catch that knife, if you think it will survive define risk buy some January 2015 EAP option and forget about it till then...",0
494,"PX - ong  9.01. Moved the Trailing Stop to 13.30 from 3 Stops of 9.01, 7.78 & 6.55 -  ",1
495,AAP ... I don't see any more than 1 up 3min candle in a row so far this am.,0
496,"AAP about to go red, amazing how many times that pattern can repeat over and over...",0
497,user u didn't miss it if it is still going lower :) MCP,0
498,GDOT making a new higher high. MACD bullish cross + OBV trending upwards.Time to fill this gap.   ,1